"shot_id","shot_made_flag"
1,1
8,1
17,1
20,1
33,1
34,1
35,1
36,1
37,1
38,1
45,1
50,1
55,1
60,1
66,1
67,1
71,1
80,1
85,1
86,1
95,1
104,1
113,1
123,1
126,1
133,1
141,1
144,1
150,1
152,1
153,1
156,1
159,1
165,1
172,1
182,1
192,1
193,1
196,1
202,1
210,1
211,1
228,1
257,1
260,1
264,1
267,1
279,1
282,1
293,1
299,1
300,1
301,1
317,1
327,1
328,1
335,1
346,1
348,1
365,1
390,1
391,1
392,1
397,1
418,1
428,1
434,1
439,1
440,1
456,1
459,1
472,1
480,1
491,1
497,1
509,1
511,1
523,1
533,1
544,1
546,1
555,1
558,1
560,1
573,1
591,1
596,1
597,1
601,1
605,1
617,1
628,1
634,1
646,1
649,1
651,1
654,1
656,1
657,1
669,1
670,1
693,1
694,1
699,1
711,1
718,1
722,1
723,1
725,1
734,1
735,1
737,1
746,1
747,1
766,1
767,1
771,1
773,1
774,1
783,1
784,1
789,1
792,1
804,1
809,1
812,1
813,1
817,1
820,1
825,1
826,1
829,1
855,1
859,1
862,1
870,1
876,1
880,1
886,1
889,1
891,1
897,1
902,1
903,1
908,1
909,1
920,1
922,1
924,1
932,1
934,1
937,1
941,1
943,1
950,1
952,1
954,1
963,1
975,1
979,1
981,1
983,1
985,1
989,1
995,1
998,1
1008,1
1019,1
1023,1
1026,1
1029,1
1034,1
1036,1
1038,1
1039,1
1051,1
1052,1
1066,1
1087,1
1092,1
1094,1
1098,1
1099,1
1102,1
1118,1
1131,1
1133,1
1135,1
1138,1
1139,1
1142,1
1151,1
1152,1
1155,1
1165,1
1167,1
1172,1
1174,1
1180,1
1200,1
1202,1
1227,1
1228,1
1229,1
1237,1
1241,1
1256,1
1279,1
1293,1
1295,1
1319,1
1320,1
1321,1
1322,1
1334,1
1351,1
1373,1
1375,1
1380,1
1382,1
1385,1
1399,1
1403,1
1428,1
1434,1
1444,1
1448,1
1466,1
1476,1
1478,1
1485,1
1491,1
1494,1
1500,1
1501,1
1503,1
1519,1
1524,1
1529,1
1533,1
1538,1
1539,1
1546,1
1555,1
1559,1
1563,1
1565,1
1574,1
1591,1
1594,1
1605,1
1611,1
1614,1
1620,1
1626,1
1630,1
1632,1
1634,1
1643,1
1651,1
1655,1
1658,1
1659,1
1665,1
1675,1
1680,1
1690,1
1696,1
1714,1
1721,1
1726,1
1728,1
1734,1
1735,1
1740,1
1744,1
1747,1
1752,1
1763,1
1765,1
1769,1
1785,1
1787,1
1788,1
1793,1
1800,1
1825,1
1826,1
1834,1
1843,1
1844,1
1848,1
1849,1
1860,1
1863,1
1875,1
1883,1
1890,1
1892,1
1893,1
1897,1
1905,1
1908,1
1931,1
1940,1
1943,1
1947,1
1965,1
1967,1
1968,1
1972,1
1982,1
1985,1
2005,1
2010,1
2021,1
2024,1
2036,1
2043,1
2047,1
2049,1
2055,1
2065,1
2066,1
2070,1
2077,1
2085,1
2095,1
2097,1
2108,1
2112,1
2113,1
2122,1
2139,1
2144,1
2146,1
2148,1
2149,1
2157,1
2159,1
2168,1
2176,1
2178,1
2181,1
2187,1
2188,1
2190,1
2194,1
2197,1
2214,1
2217,1
2222,1
2223,1
2226,1
2230,1
2240,1
2247,1
2250,1
2259,1
2262,1
2266,1
2305,1
2310,1
2313,1
2319,1
2320,1
2345,1
2350,1
2356,1
2360,1
2370,1
2386,1
2398,1
2414,1
2435,1
2439,1
2446,1
2458,1
2465,1
2466,1
2470,1
2495,1
2501,1
2507,1
2533,1
2537,1
2538,1
2541,1
2542,1
2544,1
2554,1
2555,1
2565,1
2575,1
2586,1
2588,1
2594,1
2617,1
2618,1
2623,1
2631,1
2640,1
2642,1
2647,1
2663,1
2664,1
2676,1
2680,1
2681,1
2691,1
2693,1
2695,1
2704,1
2708,1
2709,1
2717,1
2722,1
2728,1
2732,1
2743,1
2752,1
2757,1
2761,1
2769,1
2771,1
2774,1
2776,1
2781,1
2793,1
2799,1
2803,1
2811,1
2818,1
2824,1
2828,1
2829,1
2830,1
2842,1
2847,1
2848,1
2868,1
2870,1
2885,1
2886,1
2889,1
2903,1
2904,1
2918,1
2919,1
2922,1
2923,1
2931,1
2945,1
2955,1
2957,1
2960,1
2963,1
2966,1
2972,1
2974,1
2982,1
2984,1
3016,1
3021,1
3023,1
3025,1
3029,1
3034,1
3038,1
3040,1
3051,1
3062,1
3069,1
3071,1
3076,1
3079,1
3081,1
3082,1
3084,1
3098,1
3104,1
3105,1
3114,1
3118,1
3122,1
3132,1
3138,1
3141,1
3156,1
3162,1
3167,1
3170,1
3171,1
3172,1
3176,1
3180,1
3189,1
3198,1
3206,1
3215,1
3222,1
3228,1
3229,1
3232,1
3233,1
3238,1
3256,1
3264,1
3273,1
3275,1
3285,1
3289,1
3294,1
3306,1
3311,1
3318,1
3322,1
3324,1
3334,1
3341,1
3345,1
3346,1
3352,1
3368,1
3371,1
3372,1
3375,1
3384,1
3387,1
3393,1
3406,1
3411,1
3412,1
3414,1
3417,1
3420,1
3423,1
3436,1
3438,1
3442,1
3443,1
3451,1
3461,1
3489,1
3491,1
3510,1
3515,1
3527,1
3530,1
3540,1
3582,1
3604,1
3605,1
3609,1
3624,1
3628,1
3630,1
3641,1
3642,1
3648,1
3650,1
3652,1
3660,1
3664,1
3670,1
3672,1
3680,1
3682,1
3685,1
3686,1
3689,1
3705,1
3712,1
3713,1
3719,1
3721,1
3723,1
3724,1
3727,1
3733,1
3734,1
3742,1
3770,1
3777,1
3778,1
3780,1
3783,1
3784,1
3788,1
3790,1
3794,1
3795,1
3796,1
3801,1
3806,1
3813,1
3814,1
3818,1
3824,1
3836,1
3853,1
3855,1
3858,1
3861,1
3866,1
3870,1
3874,1
3876,1
3878,1
3890,1
3900,1
3904,1
3906,1
3907,1
3908,1
3912,1
3918,1
3923,1
3924,1
3925,1
3927,1
3955,1
3964,1
3969,1
3974,1
3976,1
3984,1
3991,1
3993,1
4009,1
4011,1
4020,1
4033,1
4041,1
4045,1
4052,1
4055,1
4056,1
4057,1
4067,1
4069,1
4077,1
4094,1
4095,1
4100,1
4119,1
4130,1
4131,1
4132,1
4134,1
4137,1
4138,1
4143,1
4145,1
4148,1
4163,1
4166,1
4169,1
4170,1
4174,1
4180,1
4199,1
4201,1
4203,1
4210,1
4211,1
4213,1
4225,1
4235,1
4242,1
4245,1
4250,1
4252,1
4254,1
4263,1
4264,1
4268,1
4270,1
4282,1
4283,1
4291,1
4304,1
4306,1
4309,1
4310,1
4313,1
4314,1
4315,1
4321,1
4324,1
4325,1
4328,1
4329,1
4332,1
4337,1
4342,1
4344,1
4352,1
4355,1
4366,1
4371,1
4372,1
4376,1
4384,1
4387,1
4389,1
4390,1
4406,1
4407,1
4409,1
4410,1
4424,1
4434,1
4452,1
4460,1
4470,1
4480,1
4496,1
4503,1
4512,1
4518,1
4519,1
4522,1
4525,1
4537,1
4546,1
4547,1
4553,1
4556,1
4558,1
4563,1
4568,1
4574,1
4578,1
4587,1
4592,1
4610,1
4615,1
4619,1
4620,1
4625,1
4635,1
4636,1
4641,1
4650,1
4653,1
4665,1
4668,1
4669,1
4670,1
4674,1
4675,1
4676,1
4679,1
4680,1
4686,1
4699,1
4713,1
4718,1
4721,1
4722,1
4724,1
4730,1
4731,1
4735,1
4743,1
4745,1
4746,1
4747,1
4748,1
4769,1
4771,1
4774,1
4784,1
4797,1
4801,1
4804,1
4820,1
4833,1
4834,1
4851,1
4859,1
4860,1
4863,1
4873,1
4881,1
4892,1
4908,1
4911,1
4915,1
4922,1
4929,1
4936,1
4939,1
4951,1
4956,1
4961,1
4964,1
4981,1
4991,1
4992,1
4997,1
5004,1
5010,1
5012,1
5015,1
5020,1
5030,1
5051,1
5052,1
5057,1
5058,1
5060,1
5061,1
5064,1
5078,1
5080,1
5088,1
5089,1
5090,1
5103,1
5108,1
5114,1
5115,1
5124,1
5137,1
5139,1
5144,1
5149,1
5157,1
5163,1
5174,1
5176,1
5179,1
5186,1
5203,1
5204,1
5206,1
5207,1
5220,1
5221,1
5224,1
5227,1
5229,1
5232,1
5240,1
5242,1
5243,1
5245,1
5248,1
5249,1
5254,1
5269,1
5272,1
5276,1
5286,1
5290,1
5308,1
5316,1
5318,1
5319,1
5320,1
5322,1
5324,1
5331,1
5336,1
5344,1
5354,1
5356,1
5358,1
5361,1
5365,1
5370,1
5376,1
5383,1
5384,1
5385,1
5393,1
5397,1
5398,1
5402,1
5407,1
5409,1
5425,1
5428,1
5430,1
5442,1
5447,1
5470,1
5485,1
5493,1
5502,1
5504,1
5517,1
5522,1
5527,1
5528,1
5536,1
5545,1
5576,1
5577,1
5592,1
5594,1
5595,1
5596,1
5599,1
5606,1
5617,1
5625,1
5626,1
5627,1
5642,1
5659,1
5664,1
5666,1
5671,1
5674,1
5677,1
5681,1
5683,1
5700,1
5713,1
5715,1
5718,1
5726,1
5738,1
5741,1
5743,1
5753,1
5761,1
5789,1
5797,1
5803,1
5810,1
5813,1
5817,1
5818,1
5822,1
5829,1
5846,1
5847,1
5854,1
5858,1
5863,1
5869,1
5870,1
5876,1
5881,1
5901,1
5922,1
5928,1
5933,1
5934,1
5946,1
5951,1
5955,1
5956,1
5965,1
5972,1
5981,1
5997,1
6005,1
6009,1
6010,1
6015,1
6039,1
6047,1
6051,1
6056,1
6061,1
6064,1
6065,1
6070,1
6085,1
6086,1
6091,1
6097,1
6099,1
6104,1
6108,1
6109,1
6124,1
6142,1
6144,1
6150,1
6154,1
6155,1
6156,1
6158,1
6159,1
6169,1
6170,1
6179,1
6184,1
6186,1
6204,1
6230,1
6231,1
6232,1
6235,1
6237,1
6239,1
6263,1
6265,1
6270,1
6271,1
6278,1
6279,1
6288,1
6294,1
6295,1
6302,1
6306,1
6322,1
6324,1
6327,1
6331,1
6334,1
6338,1
6339,1
6362,1
6372,1
6375,1
6393,1
6394,1
6405,1
6406,1
6416,1
6421,1
6422,1
6440,1
6457,1
6460,1
6463,1
6474,1
6476,1
6477,1
6482,1
6488,1
6489,1
6494,1
6499,1
6507,1
6524,1
6527,1
6531,1
6536,1
6538,1
6542,1
6565,1
6584,1
6588,1
6597,1
6603,1
6609,1
6613,1
6622,1
6630,1
6637,1
6639,1
6640,1
6646,1
6647,1
6648,1
6669,1
6680,1
6681,1
6684,1
6693,1
6694,1
6704,1
6706,1
6710,1
6713,1
6718,1
6732,1
6737,1
6739,1
6742,1
6746,1
6753,1
6771,1
6784,1
6790,1
6795,1
6807,1
6808,1
6818,1
6823,1
6830,1
6831,1
6832,1
6836,1
6846,1
6850,1
6854,1
6868,1
6876,1
6877,1
6881,1
6882,1
6884,1
6886,1
6901,1
6910,1
6913,1
6914,1
6918,1
6930,1
6941,1
6944,1
6945,1
6947,1
6949,1
6952,1
6963,1
6964,1
6972,1
6979,1
6981,1
6988,1
6990,1
6998,1
7004,1
7016,1
7027,1
7042,1
7056,1
7061,1
7069,1
7071,1
7088,1
7099,1
7108,1
7121,1
7125,1
7136,1
7149,1
7150,1
7151,1
7167,1
7177,1
7178,1
7183,1
7186,1
7190,1
7201,1
7202,1
7207,1
7213,1
7224,1
7225,1
7233,1
7239,1
7246,1
7248,1
7261,1
7264,1
7266,1
7274,1
7279,1
7293,1
7315,1
7322,1
7326,1
7341,1
7363,1
7365,1
7371,1
7377,1
7393,1
7405,1
7410,1
7434,1
7438,1
7447,1
7450,1
7452,1
7453,1
7455,1
7456,1
7457,1
7466,1
7470,1
7474,1
7487,1
7488,1
7492,1
7496,1
7501,1
7505,1
7512,1
7526,1
7536,1
7538,1
7539,1
7544,1
7554,1
7564,1
7566,1
7580,1
7581,1
7584,1
7587,1
7589,1
7590,1
7594,1
7597,1
7602,1
7603,1
7605,1
7609,1
7613,1
7619,1
7625,1
7626,1
7636,1
7639,1
7641,1
7643,1
7644,1
7657,1
7661,1
7666,1
7673,1
7683,1
7685,1
7699,1
7704,1
7705,1
7708,1
7728,1
7733,1
7741,1
7743,1
7745,1
7754,1
7756,1
7757,1
7770,1
7773,1
7774,1
7776,1
7777,1
7778,1
7781,1
7784,1
7789,1
7794,1
7799,1
7801,1
7818,1
7823,1
7828,1
7832,1
7839,1
7851,1
7856,1
7868,1
7869,1
7872,1
7874,1
7878,1
7888,1
7913,1
7923,1
7925,1
7926,1
7938,1
7942,1
7945,1
7954,1
7963,1
7969,1
7970,1
7977,1
7981,1
7990,1
8020,1
8023,1
8025,1
8034,1
8039,1
8046,1
8051,1
8055,1
8060,1
8063,1
8073,1
8074,1
8076,1
8080,1
8088,1
8102,1
8103,1
8104,1
8105,1
8109,1
8115,1
8121,1
8126,1
8135,1
8153,1
8156,1
8160,1
8161,1
8162,1
8171,1
8181,1
8183,1
8185,1
8191,1
8203,1
8204,1
8207,1
8208,1
8209,1
8210,1
8225,1
8226,1
8231,1
8233,1
8244,1
8250,1
8261,1
8265,1
8278,1
8279,1
8280,1
8296,1
8299,1
8300,1
8301,1
8305,1
8327,1
8334,1
8349,1
8355,1
8361,1
8362,1
8364,1
8365,1
8375,1
8378,1
8380,1
8381,1
8387,1
8399,1
8402,1
8409,1
8433,1
8436,1
8442,1
8448,1
8464,1
8469,1
8474,1
8478,1
8482,1
8490,1
8510,1
8511,1
8527,1
8532,1
8533,1
8538,1
8541,1
8545,1
8553,1
8554,1
8555,1
8569,1
8586,1
8593,1
8600,1
8606,1
8607,1
8611,1
8613,1
8618,1
8630,1
8637,1
8650,1
8652,1
8661,1
8669,1
8673,1
8674,1
8678,1
8682,1
8688,1
8689,1
8695,1
8698,1
8703,1
8709,1
8716,1
8723,1
8737,1
8753,1
8773,1
8774,1
8778,1
8786,1
8794,1
8795,1
8800,1
8804,1
8808,1
8809,1
8817,1
8818,1
8825,1
8830,1
8833,1
8834,1
8836,1
8837,1
8844,1
8851,1
8861,1
8864,1
8865,1
8869,1
8873,1
8880,1
8884,1
8888,1
8889,1
8891,1
8893,1
8897,1
8905,1
8910,1
8918,1
8939,1
8940,1
8941,1
8944,1
8949,1
8950,1
8958,1
8967,1
8975,1
8979,1
8980,1
8991,1
8995,1
8996,1
8998,1
9000,1
9001,1
9002,1
9024,1
9026,1
9027,1
9034,1
9038,1
9050,1
9052,1
9054,1
9078,1
9097,1
9109,1
9112,1
9115,1
9125,1
9132,1
9136,1
9139,1
9140,1
9142,1
9143,1
9147,1
9159,1
9165,1
9172,1
9177,1
9179,1
9185,1
9196,1
9201,1
9209,1
9210,1
9212,1
9214,1
9240,1
9241,1
9244,1
9249,1
9250,1
9255,1
9258,1
9263,1
9266,1
9269,1
9272,1
9276,1
9290,1
9299,1
9303,1
9310,1
9311,1
9314,1
9315,1
9325,1
9328,1
9329,1
9332,1
9337,1
9353,1
9355,1
9356,1
9362,1
9364,1
9366,1
9387,1
9388,1
9396,1
9400,1
9406,1
9411,1
9416,1
9417,1
9423,1
9425,1
9426,1
9427,1
9429,1
9430,1
9434,1
9442,1
9458,1
9476,1
9481,1
9483,1
9484,1
9487,1
9488,1
9490,1
9502,1
9505,1
9509,1
9515,1
9516,1
9532,1
9539,1
9542,1
9549,1
9550,1
9553,1
9554,1
9561,1
9566,1
9571,1
9577,1
9584,1
9592,1
9596,1
9602,1
9603,1
9604,1
9608,1
9609,1
9613,1
9623,1
9630,1
9633,1
9648,1
9665,1
9668,1
9678,1
9679,1
9693,1
9718,1
9720,1
9744,1
9745,1
9746,1
9753,1
9758,1
9759,1
9763,1
9766,1
9767,1
9777,1
9781,1
9789,1
9790,1
9799,1
9802,1
9805,1
9807,1
9812,1
9818,1
9820,1
9822,1
9824,1
9834,1
9836,1
9847,1
9864,1
9869,1
9875,1
9880,1
9889,1
9894,1
9909,1
9915,1
9919,1
9920,1
9940,1
9946,1
9958,1
9959,1
9973,1
9976,1
9978,1
9982,1
9987,1
9988,1
9992,1
10000,1
10002,1
10005,1
10008,1
10009,1
10011,1
10021,1
10022,1
10053,1
10074,1
10076,1
10090,1
10092,1
10099,1
10102,1
10103,1
10106,1
10108,1
10113,1
10119,1
10122,1
10125,1
10140,1
10155,1
10159,1
10164,1
10175,1
10176,1
10178,1
10186,1
10200,1
10204,1
10206,1
10211,1
10212,1
10217,1
10220,1
10230,1
10234,1
10235,1
10239,1
10240,1
10242,1
10245,1
10246,1
10247,1
10250,1
10254,1
10257,1
10260,1
10261,1
10265,1
10273,1
10274,1
10277,1
10289,1
10290,1
10298,1
10301,1
10304,1
10305,1
10313,1
10320,1
10323,1
10328,1
10332,1
10336,1
10343,1
10348,1
10350,1
10351,1
10354,1
10372,1
10373,1
10380,1
10383,1
10396,1
10397,1
10399,1
10400,1
10401,1
10402,1
10403,1
10410,1
10412,1
10415,1
10424,1
10428,1
10432,1
10462,1
10477,1
10482,1
10484,1
10493,1
10495,1
10497,1
10516,1
10521,1
10522,1
10523,1
10528,1
10530,1
10532,1
10533,1
10543,1
10547,1
10552,1
10558,1
10571,1
10572,1
10574,1
10583,1
10600,1
10607,1
10608,1
10614,1
10630,1
10634,1
10635,1
10641,1
10643,1
10644,1
10648,1
10669,1
10675,1
10686,1
10704,1
10707,1
10722,1
10736,1
10764,1
10767,1
10776,1
10779,1
10781,1
10792,1
10797,1
10798,1
10801,1
10802,1
10805,1
10808,1
10810,1
10816,1
10817,1
10829,1
10843,1
10858,1
10866,1
10876,1
10887,1
10891,1
10896,1
10900,1
10905,1
10907,1
10917,1
10936,1
10947,1
10948,1
10951,1
10955,1
10969,1
10984,1
10987,1
10990,1
10992,1
10996,1
10997,1
10999,1
11000,1
11001,1
11010,1
11016,1
11018,1
11034,1
11039,1
11041,1
11047,1
11053,1
11055,1
11056,1
11065,1
11068,1
11070,1
11071,1
11072,1
11079,1
11091,1
11094,1
11112,1
11113,1
11128,1
11153,1
11154,1
11163,1
11179,1
11181,1
11206,1
11216,1
11221,1
11223,1
11228,1
11235,1
11237,1
11244,1
11256,1
11267,1
11272,1
11281,1
11285,1
11288,1
11291,1
11293,1
11297,1
11298,1
11299,1
11301,1
11309,1
11331,1
11332,1
11337,1
11343,1
11347,1
11348,1
11355,1
11368,1
11369,1
11371,1
11378,1
11384,1
11387,1
11393,1
11399,1
11412,1
11431,1
11432,1
11444,1
11450,1
11451,1
11476,1
11488,1
11495,1
11505,1
11508,1
11518,1
11522,1
11524,1
11533,1
11549,1
11551,1
11560,1
11563,1
11565,1
11567,1
11569,1
11598,1
11604,1
11611,1
11617,1
11626,1
11642,1
11643,1
11648,1
11651,1
11663,1
11666,1
11685,1
11686,1
11698,1
11708,1
11711,1
11718,1
11742,1
11761,1
11767,1
11768,1
11775,1
11779,1
11786,1
11790,1
11791,1
11796,1
11806,1
11810,1
11811,1
11814,1
11816,1
11820,1
11822,1
11829,1
11832,1
11834,1
11836,1
11837,1
11844,1
11847,1
11864,1
11865,1
11872,1
11873,1
11886,1
11894,1
11905,1
11906,1
11907,1
11912,1
11914,1
11918,1
11924,1
11929,1
11930,1
11936,1
11937,1
11954,1
11957,1
11964,1
11968,1
11972,1
11976,1
11979,1
11981,1
11983,1
11989,1
11991,1
11998,1
12003,1
12007,1
12011,1
12014,1
12024,1
12033,1
12034,1
12041,1
12046,1
12056,1
12064,1
12069,1
12070,1
12071,1
12072,1
12078,1
12091,1
12092,1
12094,1
12098,1
12103,1
12115,1
12118,1
12122,1
12125,1
12133,1
12137,1
12141,1
12143,1
12144,1
12154,1
12163,1
12170,1
12193,1
12196,1
12206,1
12209,1
12214,1
12228,1
12233,1
12238,1
12242,1
12245,1
12247,1
12251,1
12287,1
12292,1
12304,1
12317,1
12320,1
12323,1
12328,1
12333,1
12334,1
12335,1
12352,1
12358,1
12364,1
12376,1
12396,1
12402,1
12406,1
12408,1
12410,1
12413,1
12417,1
12424,1
12425,1
12426,1
12430,1
12432,1
12433,1
12451,1
12457,1
12465,1
12468,1
12474,1
12475,1
12486,1
12487,1
12514,1
12524,1
12526,1
12530,1
12532,1
12593,1
12599,1
12600,1
12603,1
12624,1
12630,1
12638,1
12641,1
12643,1
12656,1
12666,1
12673,1
12675,1
12678,1
12692,1
12693,1
12707,1
12711,1
12716,1
12717,1
12723,1
12738,1
12742,1
12746,1
12753,1
12758,1
12760,1
12763,1
12764,1
12768,1
12776,1
12777,1
12783,1
12804,1
12824,1
12839,1
12847,1
12850,1
12867,1
12883,1
12887,1
12890,1
12903,1
12906,1
12907,1
12909,1
12912,1
12915,1
12930,1
12931,1
12934,1
12951,1
12955,1
12973,1
12988,1
12999,1
13015,1
13026,1
13036,1
13039,1
13040,1
13041,1
13043,1
13057,1
13064,1
13068,1
13069,1
13073,1
13079,1
13086,1
13089,1
13093,1
13097,1
13098,1
13105,1
13107,1
13108,1
13110,1
13112,1
13114,1
13118,1
13127,1
13129,1
13142,1
13146,1
13149,1
13157,1
13158,1
13159,1
13161,1
13162,1
13166,1
13168,1
13170,1
13186,1
13191,1
13203,1
13209,1
13212,1
13213,1
13222,1
13229,1
13234,1
13257,1
13258,1
13268,1
13270,1
13291,1
13292,1
13299,1
13307,1
13309,1
13311,1
13312,1
13322,1
13324,1
13330,1
13338,1
13344,1
13348,1
13355,1
13365,1
13368,1
13370,1
13372,1
13377,1
13385,1
13389,1
13393,1
13395,1
13404,1
13411,1
13416,1
13434,1
13435,1
13445,1
13446,1
13451,1
13462,1
13464,1
13466,1
13471,1
13472,1
13477,1
13481,1
13484,1
13490,1
13492,1
13500,1
13508,1
13516,1
13525,1
13526,1
13530,1
13532,1
13538,1
13546,1
13548,1
13550,1
13551,1
13564,1
13566,1
13570,1
13580,1
13585,1
13588,1
13592,1
13594,1
13609,1
13610,1
13613,1
13625,1
13626,1
13639,1
13645,1
13647,1
13648,1
13652,1
13654,1
13664,1
13673,1
13684,1
13690,1
13693,1
13696,1
13700,1
13701,1
13707,1
13713,1
13714,1
13716,1
13720,1
13727,1
13733,1
13738,1
13757,1
13759,1
13761,1
13767,1
13782,1
13786,1
13787,1
13792,1
13795,1
13798,1
13807,1
13809,1
13811,1
13815,1
13817,1
13818,1
13822,1
13824,1
13829,1
13832,1
13840,1
13841,1
13868,1
13871,1
13880,1
13888,1
13890,1
13891,1
13895,1
13907,1
13910,1
13912,1
13913,1
13923,1
13929,1
13936,1
13946,1
13950,1
13951,1
13954,1
13958,1
13969,1
13980,1
13981,1
13986,1
13987,1
13989,1
13992,1
13994,1
14001,1
14002,1
14004,1
14006,1
14012,1
14021,1
14024,1
14045,1
14047,1
14057,1
14059,1
14060,1
14068,1
14070,1
14074,1
14076,1
14089,1
14115,1
14116,1
14128,1
14131,1
14134,1
14137,1
14138,1
14139,1
14152,1
14153,1
14155,1
14156,1
14164,1
14165,1
14171,1
14174,1
14181,1
14186,1
14192,1
14201,1
14210,1
14214,1
14231,1
14236,1
14241,1
14245,1
14249,1
14251,1
14262,1
14265,1
14267,1
14270,1
14276,1
14279,1
14281,1
14289,1
14290,1
14293,1
14295,1
14297,1
14298,1
14310,1
14312,1
14315,1
14318,1
14319,1
14325,1
14331,1
14334,1
14341,1
14343,1
14344,1
14346,1
14347,1
14349,1
14352,1
14358,1
14361,1
14363,1
14374,1
14376,1
14381,1
14398,1
14410,1
14412,1
14415,1
14423,1
14425,1
14436,1
14444,1
14455,1
14465,1
14469,1
14471,1
14475,1
14479,1
14480,1
14488,1
14491,1
14501,1
14520,1
14522,1
14523,1
14537,1
14538,1
14550,1
14561,1
14575,1
14586,1
14592,1
14601,1
14602,1
14604,1
14606,1
14627,1
14641,1
14652,1
14662,1
14665,1
14673,1
14675,1
14679,1
14683,1
14686,1
14705,1
14708,1
14709,1
14710,1
14715,1
14717,1
14723,1
14725,1
14727,1
14728,1
14735,1
14746,1
14752,1
14757,1
14762,1
14763,1
14797,1
14812,1
14818,1
14825,1
14827,1
14829,1
14830,1
14837,1
14849,1
14863,1
14869,1
14882,1
14884,1
14886,1
14888,1
14890,1
14904,1
14938,1
14952,1
14958,1
14963,1
14979,1
14980,1
14986,1
14988,1
15003,1
15006,1
15009,1
15015,1
15024,1
15030,1
15036,1
15038,1
15039,1
15047,1
15049,1
15056,1
15068,1
15070,1
15073,1
15081,1
15084,1
15088,1
15092,1
15095,1
15097,1
15098,1
15115,1
15120,1
15126,1
15133,1
15143,1
15156,1
15164,1
15178,1
15198,1
15200,1
15208,1
15214,1
15218,1
15231,1
15238,1
15239,1
15240,1
15249,1
15256,1
15260,1
15290,1
15307,1
15308,1
15321,1
15323,1
15325,1
15342,1
15346,1
15349,1
15354,1
15362,1
15379,1
15383,1
15394,1
15401,1
15405,1
15407,1
15412,1
15413,1
15415,1
15427,1
15430,1
15436,1
15439,1
15443,1
15444,1
15445,1
15450,1
15456,1
15465,1
15466,1
15470,1
15474,1
15476,1
15482,1
15492,1
15510,1
15519,1
15523,1
15535,1
15561,1
15564,1
15566,1
15579,1
15580,1
15581,1
15587,1
15589,1
15591,1
15597,1
15620,1
15627,1
15636,1
15653,1
15662,1
15664,1
15666,1
15667,1
15674,1
15692,1
15715,1
15736,1
15744,1
15746,1
15758,1
15760,1
15766,1
15767,1
15789,1
15810,1
15818,1
15820,1
15830,1
15844,1
15850,1
15857,1
15863,1
15869,1
15872,1
15873,1
15884,1
15885,1
15891,1
15898,1
15900,1
15932,1
15940,1
15944,1
15945,1
15963,1
15970,1
15977,1
15982,1
15985,1
15995,1
16004,1
16005,1
16011,1
16019,1
16021,1
16051,1
16065,1
16066,1
16076,1
16091,1
16094,1
16101,1
16104,1
16113,1
16114,1
16115,1
16127,1
16128,1
16138,1
16139,1
16142,1
16144,1
16148,1
16151,1
16156,1
16165,1
16166,1
16179,1
16193,1
16196,1
16198,1
16210,1
16232,1
16237,1
16240,1
16252,1
16259,1
16262,1
16263,1
16270,1
16272,1
16290,1
16295,1
16297,1
16299,1
16300,1
16302,1
16303,1
16305,1
16309,1
16312,1
16320,1
16326,1
16327,1
16338,1
16342,1
16346,1
16348,1
16355,1
16356,1
16378,1
16382,1
16391,1
16392,1
16395,1
16399,1
16403,1
16408,1
16413,1
16415,1
16417,1
16420,1
16431,1
16439,1
16444,1
16446,1
16451,1
16454,1
16461,1
16462,1
16469,1
16484,1
16486,1
16487,1
16491,1
16494,1
16507,1
16508,1
16519,1
16523,1
16526,1
16530,1
16532,1
16542,1
16550,1
16555,1
16558,1
16567,1
16576,1
16579,1
16595,1
16598,1
16600,1
16604,1
16605,1
16607,1
16610,1
16612,1
16617,1
16625,1
16632,1
16634,1
16650,1
16654,1
16655,1
16656,1
16657,1
16660,1
16662,1
16669,1
16675,1
16676,1
16678,1
16679,1
16693,1
16701,1
16715,1
16722,1
16724,1
16727,1
16735,1
16741,1
16752,1
16758,1
16765,1
16771,1
16785,1
16793,1
16800,1
16805,1
16809,1
16820,1
16827,1
16830,1
16843,1
16847,1
16855,1
16860,1
16862,1
16863,1
16872,1
16874,1
16876,1
16893,1
16895,1
16914,1
16917,1
16926,1
16930,1
16931,1
16932,1
16934,1
16937,1
16941,1
16942,1
16957,1
16962,1
16967,1
16968,1
16972,1
16974,1
16984,1
16987,1
16994,1
16995,1
16999,1
17034,1
17038,1
17040,1
17050,1
17068,1
17077,1
17079,1
17082,1
17085,1
17087,1
17099,1
17105,1
17108,1
17110,1
17111,1
17123,1
17124,1
17130,1
17138,1
17143,1
17157,1
17160,1
17166,1
17167,1
17179,1
17180,1
17189,1
17197,1
17219,1
17223,1
17225,1
17229,1
17234,1
17235,1
17239,1
17242,1
17243,1
17246,1
17247,1
17255,1
17258,1
17260,1
17264,1
17270,1
17271,1
17272,1
17285,1
17294,1
17297,1
17298,1
17299,1
17306,1
17324,1
17326,1
17330,1
17345,1
17351,1
17352,1
17372,1
17381,1
17385,1
17388,1
17390,1
17392,1
17399,1
17404,1
17407,1
17408,1
17416,1
17418,1
17434,1
17438,1
17443,1
17444,1
17453,1
17460,1
17467,1
17480,1
17488,1
17490,1
17493,1
17498,1
17503,1
17513,1
17520,1
17525,1
17534,1
17545,1
17553,1
17554,1
17557,1
17563,1
17576,1
17577,1
17580,1
17582,1
17596,1
17597,1
17602,1
17614,1
17623,1
17624,1
17627,1
17628,1
17630,1
17634,1
17640,1
17652,1
17657,1
17661,1
17662,1
17666,1
17682,1
17688,1
17693,1
17705,1
17711,1
17715,1
17717,1
17721,1
17728,1
17737,1
17745,1
17755,1
17764,1
17774,1
17785,1
17786,1
17789,1
17802,1
17810,1
17819,1
17825,1
17828,1
17833,1
17841,1
17842,1
17844,1
17849,1
17855,1
17857,1
17861,1
17863,1
17868,1
17876,1
17882,1
17885,1
17893,1
17894,1
17902,1
17906,1
17911,1
17917,1
17921,1
17941,1
17945,1
17949,1
17954,1
17957,1
17958,1
17960,1
17985,1
18000,1
18002,1
18008,1
18014,1
18015,1
18019,1
18021,1
18026,1
18029,1
18034,1
18035,1
18036,1
18039,1
18066,1
18076,1
18089,1
18104,1
18110,1
18129,1
18131,1
18133,1
18136,1
18148,1
18152,1
18167,1
18177,1
18178,1
18183,1
18194,1
18197,1
18213,1
18214,1
18221,1
18227,1
18239,1
18245,1
18266,1
18267,1
18274,1
18283,1
18297,1
18302,1
18303,1
18315,1
18324,1
18326,1
18334,1
18336,1
18344,1
18346,1
18347,1
18350,1
18352,1
18364,1
18366,1
18373,1
18391,1
18393,1
18395,1
18400,1
18408,1
18421,1
18425,1
18443,1
18451,1
18456,1
18458,1
18460,1
18467,1
18468,1
18475,1
18485,1
18494,1
18495,1
18508,1
18530,1
18533,1
18547,1
18548,1
18553,1
18561,1
18565,1
18572,1
18593,1
18600,1
18621,1
18629,1
18637,1
18649,1
18653,1
18660,1
18671,1
18672,1
18677,1
18681,1
18684,1
18686,1
18689,1
18690,1
18709,1
18716,1
18723,1
18773,1
18782,1
18797,1
18810,1
18817,1
18820,1
18825,1
18837,1
18850,1
18857,1
18861,1
18867,1
18870,1
18877,1
18887,1
18898,1
18900,1
18914,1
18921,1
18922,1
18945,1
18947,1
18953,1
18954,1
18957,1
18960,1
18973,1
18983,1
18990,1
18991,1
18993,1
18995,1
18996,1
19003,1
19014,1
19015,1
19019,1
19028,1
19038,1
19040,1
19046,1
19051,1
19054,1
19056,1
19074,1
19085,1
19099,1
19124,1
19134,1
19141,1
19146,1
19150,1
19170,1
19176,1
19187,1
19189,1
19202,1
19208,1
19209,1
19210,1
19216,1
19217,1
19218,1
19223,1
19240,1
19246,1
19269,1
19275,1
19287,1
19298,1
19303,1
19313,1
19325,1
19326,1
19328,1
19330,1
19340,1
19342,1
19343,1
19344,1
19363,1
19364,1
19371,1
19376,1
19377,1
19381,1
19384,1
19390,1
19402,1
19405,1
19409,1
19418,1
19429,1
19446,1
19458,1
19460,1
19462,1
19465,1
19472,1
19480,1
19503,1
19507,1
19517,1
19533,1
19537,1
19541,1
19563,1
19566,1
19568,1
19576,1
19591,1
19597,1
19619,1
19622,1
19623,1
19624,1
19627,1
19629,1
19633,1
19639,1
19641,1
19643,1
19649,1
19652,1
19657,1
19660,1
19668,1
19678,1
19686,1
19690,1
19694,1
19695,1
19702,1
19712,1
19720,1
19735,1
19739,1
19740,1
19743,1
19750,1
19752,1
19754,1
19762,1
19770,1
19775,1
19777,1
19782,1
19783,1
19786,1
19805,1
19808,1
19819,1
19821,1
19827,1
19830,1
19832,1
19833,1
19834,1
19843,1
19844,1
19846,1
19847,1
19850,1
19851,1
19861,1
19873,1
19878,1
19886,1
19892,1
19901,1
19902,1
19920,1
19921,1
19922,1
19929,1
19932,1
19935,1
19936,1
19946,1
19950,1
19952,1
19955,1
19976,1
19983,1
19987,1
19991,1
19996,1
20007,1
20015,1
20019,1
20023,1
20034,1
20036,1
20038,1
20039,1
20040,1
20045,1
20046,1
20048,1
20060,1
20068,1
20074,1
20111,1
20117,1
20125,1
20129,1
20134,1
20135,1
20139,1
20142,1
20147,1
20154,1
20157,1
20169,1
20179,1
20202,1
20207,1
20215,1
20216,1
20217,1
20218,1
20219,1
20226,1
20236,1
20239,1
20246,1
20247,1
20253,1
20255,1
20268,1
20270,1
20271,1
20279,1
20282,1
20295,1
20302,1
20305,1
20306,1
20308,1
20330,1
20335,1
20344,1
20349,1
20360,1
20362,1
20378,1
20394,1
20397,1
20403,1
20405,1
20415,1
20417,1
20420,1
20425,1
20430,1
20435,1
20443,1
20446,1
20458,1
20459,1
20467,1
20470,1
20482,1
20489,1
20495,1
20496,1
20497,1
20505,1
20509,1
20535,1
20539,1
20544,1
20547,1
20556,1
20557,1
20575,1
20577,1
20596,1
20597,1
20602,1
20603,1
20609,1
20618,1
20621,1
20628,1
20634,1
20637,1
20641,1
20642,1
20647,1
20655,1
20656,1
20661,1
20664,1
20674,1
20679,1
20680,1
20683,1
20687,1
20688,1
20695,1
20696,1
20699,1
20701,1
20702,1
20704,1
20721,1
20725,1
20731,1
20741,1
20742,1
20753,1
20756,1
20769,1
20771,1
20774,1
20777,1
20781,1
20797,1
20808,1
20810,1
20820,1
20823,1
20829,1
20832,1
20833,1
20837,1
20838,1
20839,1
20847,1
20861,1
20869,1
20875,1
20877,1
20889,1
20894,1
20901,1
20919,1
20923,1
20935,1
20937,1
20939,1
20940,1
20943,1
20946,1
20950,1
20961,1
20965,1
20967,1
20969,1
20970,1
20975,1
20987,1
20995,1
20998,1
21002,1
21012,1
21013,1
21015,1
21017,1
21020,1
21028,1
21031,1
21036,1
21040,1
21048,1
21049,1
21051,1
21070,1
21072,1
21079,1
21090,1
21093,1
21104,1
21114,1
21117,1
21120,1
21121,1
21132,1
21136,1
21139,1
21140,1
21146,1
21150,1
21178,1
21180,1
21198,1
21203,1
21210,1
21218,1
21220,1
21222,1
21228,1
21236,1
21239,1
21260,1
21267,1
21271,1
21279,1
21286,1
21288,1
21294,1
21298,1
21299,1
21300,1
21304,1
21307,1
21309,1
21311,1
21331,1
21332,1
21342,1
21345,1
21348,1
21353,1
21357,1
21369,1
21370,1
21371,1
21373,1
21385,1
21392,1
21401,1
21403,1
21406,1
21413,1
21414,1
21416,1
21423,1
21442,1
21443,1
21448,1
21459,1
21467,1
21474,1
21484,1
21488,1
21495,1
21498,1
21502,1
21503,1
21510,1
21516,1
21533,1
21535,1
21539,1
21541,1
21544,1
21554,1
21569,1
21572,1
21578,1
21580,1
21584,1
21589,1
21595,1
21598,1
21599,1
21606,1
21623,1
21639,1
21641,1
21645,1
21647,1
21648,1
21657,1
21671,1
21673,1
21678,1
21696,1
21699,1
21700,1
21703,1
21710,1
21721,1
21727,1
21728,1
21731,1
21741,1
21744,1
21748,1
21753,1
21756,1
21763,1
21767,1
21772,1
21774,1
21775,1
21780,1
21787,1
21805,1
21828,1
21831,1
21837,1
21842,1
21849,1
21856,1
21858,1
21862,1
21864,1
21867,1
21879,1
21881,1
21883,1
21891,1
21892,1
21902,1
21909,1
21914,1
21918,1
21919,1
21926,1
21930,1
21934,1
21940,1
21945,1
21948,1
21953,1
21954,1
21956,1
21963,1
21970,1
21984,1
21997,1
21999,1
22001,1
22002,1
22010,1
22013,1
22022,1
22024,1
22028,1
22029,1
22045,1
22049,1
22064,1
22069,1
22074,1
22082,1
22084,1
22090,1
22096,1
22100,1
22105,1
22119,1
22130,1
22152,1
22155,1
22164,1
22173,1
22194,1
22209,1
22217,1
22220,1
22222,1
22244,1
22245,1
22250,1
22256,1
22261,1
22264,1
22270,1
22279,1
22280,1
22284,1
22288,1
22293,1
22297,1
22307,1
22310,1
22319,1
22324,1
22326,1
22327,1
22329,1
22331,1
22340,1
22342,1
22347,1
22351,1
22357,1
22361,1
22371,1
22373,1
22391,1
22404,1
22409,1
22411,1
22428,1
22436,1
22444,1
22445,1
22451,1
22463,1
22464,1
22467,1
22472,1
22485,1
22497,1
22504,1
22508,1
22516,1
22522,1
22527,1
22543,1
22549,1
22551,1
22557,1
22562,1
22567,1
22572,1
22575,1
22578,1
22579,1
22580,1
22581,1
22591,1
22593,1
22597,1
22600,1
22602,1
22603,1
22616,1
22617,1
22622,1
22623,1
22624,1
22628,1
22640,1
22641,1
22653,1
22660,1
22672,1
22674,1
22689,1
22698,1
22705,1
22709,1
22711,1
22714,1
22715,1
22729,1
22730,1
22733,1
22750,1
22754,1
22756,1
22758,1
22767,1
22768,1
22769,1
22776,1
22778,1
22780,1
22789,1
22797,1
22799,1
22814,1
22818,1
22821,1
22823,1
22841,1
22847,1
22848,1
22862,1
22875,1
22877,1
22887,1
22892,1
22899,1
22901,1
22907,1
22909,1
22926,1
22927,1
22930,1
22934,1
22937,1
22939,1
22949,1
22951,1
22955,1
22965,1
22966,1
22968,1
22972,1
22975,1
22981,1
22988,1
22994,1
22996,1
23011,1
23028,1
23031,1
23035,1
23038,1
23042,1
23049,1
23051,1
23053,1
23057,1
23058,1
23063,1
23064,1
23067,1
23071,1
23075,1
23077,1
23090,1
23094,1
23097,1
23103,1
23107,1
23117,1
23122,1
23124,1
23126,1
23129,1
23136,1
23141,1
23142,1
23147,1
23154,1
23159,1
23165,1
23171,1
23173,1
23175,1
23179,1
23182,1
23185,1
23188,1
23189,1
23209,1
23214,1
23215,1
23233,1
23241,1
23252,1
23255,1
23263,1
23281,1
23282,1
23289,1
23292,1
23296,1
23297,1
23301,1
23302,1
23304,1
23309,1
23312,1
23316,1
23321,1
23342,1
23344,1
23350,1
23367,1
23368,1
23374,1
23387,1
23389,1
23399,1
23403,1
23406,1
23414,1
23415,1
23419,1
23436,1
23439,1
23444,1
23445,1
23455,1
23469,1
23472,1
23477,1
23478,1
23479,1
23487,1
23490,1
23491,1
23492,1
23494,1
23496,1
23497,1
23506,1
23515,1
23528,1
23532,1
23549,1
23551,1
23552,1
23555,1
23556,1
23564,1
23583,1
23592,1
23597,1
23601,1
23605,1
23615,1
23619,1
23621,1
23626,1
23635,1
23637,1
23640,1
23646,1
23655,1
23672,1
23673,1
23682,1
23683,1
23699,1
23704,1
23707,1
23713,1
23714,1
23716,1
23718,1
23721,1
23735,1
23737,1
23744,1
23749,1
23755,1
23769,1
23772,1
23773,1
23774,1
23779,1
23782,1
23793,1
23803,1
23828,1
23833,1
23834,1
23844,1
23845,1
23852,1
23855,1
23867,1
23872,1
23874,1
23880,1
23886,1
23898,1
23900,1
23903,1
23907,1
23908,1
23912,1
23916,1
23917,1
23918,1
23922,1
23928,1
23940,1
23944,1
23945,1
23951,1
23966,1
23970,1
23971,1
23976,1
23980,1
23987,1
23988,1
23993,1
23997,1
23998,1
23999,1
24010,1
24015,1
24023,1
24033,1
24046,1
24060,1
24062,1
24065,1
24070,1
24071,1
24073,1
24079,1
24082,1
24084,1
24089,1
24094,1
24100,1
24105,1
24106,1
24108,1
24111,1
24120,1
24125,1
24134,1
24140,1
24151,1
24153,1
24154,1
24161,1
24166,1
24170,1
24176,1
24182,1
24188,1
24190,1
24201,1
24211,1
24215,1
24216,1
24219,1
24222,1
24240,1
24243,1
24245,1
24251,1
24256,1
24258,1
24261,1
24263,1
24264,1
24266,1
24273,1
24278,1
24289,1
24292,1
24293,1
24298,1
24299,1
24303,1
24304,1
24305,1
24329,1
24341,1
24345,1
24353,1
24358,1
24364,1
24367,1
24370,1
24377,1
24380,1
24381,1
24387,1
24391,1
24409,1
24413,1
24416,1
24427,1
24439,1
24443,1
24448,1
24454,1
24455,1
24461,1
24464,1
24468,1
24469,1
24501,1
24508,1
24519,1
24520,1
24538,1
24540,1
24550,1
24552,1
24561,1
24577,1
24579,1
24580,1
24582,1
24591,1
24592,1
24599,1
24602,1
24606,1
24617,1
24619,1
24630,1
24633,1
24634,1
24638,1
24641,1
24644,1
24645,1
24656,1
24661,1
24663,1
24667,1
24669,1
24682,1
24698,1
24699,1
24702,1
24703,1
24717,1
24724,1
24731,1
24737,1
24740,1
24743,1
24744,1
24755,1
24757,1
24765,1
24766,1
24776,1
24787,1
24789,1
24791,1
24792,1
24804,1
24812,1
24816,1
24817,1
24820,1
24828,1
24832,1
24836,1
24842,1
24846,1
24847,1
24848,1
24851,1
24855,1
24856,1
24871,1
24874,1
24877,1
24889,1
24897,1
24899,1
24908,1
24913,1
24923,1
24933,1
24971,1
24973,1
24993,1
24998,1
25000,1
25001,1
25002,1
25003,1
25009,1
25024,1
25026,1
25027,1
25034,1
25050,1
25057,1
25067,1
25075,1
25081,1
25085,1
25093,1
25097,1
25103,1
25104,1
25109,1
25112,1
25113,1
25114,1
25119,1
25121,1
25122,1
25124,1
25131,1
25134,1
25144,1
25147,1
25148,1
25149,1
25155,1
25169,1
25177,1
25178,1
25179,1
25180,1
25191,1
25199,1
25232,1
25241,1
25242,1
25243,1
25246,1
25259,1
25265,1
25278,1
25280,1
25284,1
25286,1
25288,1
25318,1
25330,1
25333,1
25339,1
25340,1
25346,1
25349,1
25351,1
25361,1
25366,1
25368,1
25369,1
25370,1
25375,1
25376,1
25377,1
25379,1
25382,1
25386,1
25389,1
25399,1
25400,1
25401,1
25407,1
25409,1
25412,1
25416,1
25418,1
25423,1
25436,1
25439,1
25442,1
25445,1
25446,1
25453,1
25456,1
25458,1
25460,1
25461,1
25468,1
25470,1
25471,1
25482,1
25501,1
25504,1
25515,1
25518,1
25528,1
25533,1
25543,1
25548,1
25564,1
25572,1
25576,1
25577,1
25587,1
25591,1
25596,1
25598,1
25617,1
25618,1
25620,1
25623,1
25626,1
25628,1
25633,1
25637,1
25644,1
25662,1
25663,1
25673,1
25678,1
25685,1
25691,1
25706,1
25707,1
25723,1
25725,1
25735,1
25740,1
25759,1
25761,1
25769,1
25774,1
25779,1
25781,1
25784,1
25790,1
25796,1
25816,1
25847,1
25850,1
25852,1
25856,1
25866,1
25867,1
25868,1
25869,1
25877,1
25878,1
25890,1
25898,1
25899,1
25906,1
25907,1
25915,1
25932,1
25939,1
25946,1
25951,1
25959,1
25961,1
25964,1
25969,1
25980,1
25986,1
25992,1
25998,1
26000,1
26006,1
26009,1
26016,1
26023,1
26038,1
26041,1
26050,1
26051,1
26057,1
26060,1
26062,1
26067,1
26068,1
26072,1
26074,1
26075,1
26081,1
26108,1
26112,1
26113,1
26115,1
26122,1
26139,1
26162,1
26165,1
26173,1
26177,1
26179,1
26184,1
26190,1
26204,1
26205,1
26212,1
26215,1
26227,1
26232,1
26237,1
26246,1
26248,1
26249,1
26260,1
26263,1
26267,1
26269,1
26271,1
26273,1
26286,1
26297,1
26309,1
26313,1
26319,1
26329,1
26330,1
26333,1
26361,1
26366,1
26376,1
26378,1
26382,1
26389,1
26391,1
26401,1
26415,1
26419,1
26421,1
26422,1
26423,1
26424,1
26441,1
26442,1
26446,1
26447,1
26448,1
26451,1
26459,1
26465,1
26476,1
26481,1
26487,1
26501,1
26513,1
26517,1
26527,1
26534,1
26535,1
26545,1
26550,1
26558,1
26571,1
26573,1
26575,1
26578,1
26583,1
26590,1
26593,1
26602,1
26606,1
26613,1
26615,1
26618,1
26628,1
26630,1
26635,1
26645,1
26648,1
26651,1
26660,1
26663,1
26664,1
26665,1
26673,1
26675,1
26676,1
26677,1
26679,1
26687,1
26689,1
26697,1
26737,1
26747,1
26748,1
26749,1
26754,1
26759,1
26760,1
26765,1
26769,1
26771,1
26776,1
26778,1
26780,1
26783,1
26785,1
26800,1
26804,1
26812,1
26816,1
26823,1
26834,1
26836,1
26841,1
26845,1
26849,1
26854,1
26858,1
26860,1
26866,1
26871,1
26873,1
26905,1
26907,1
26920,1
26924,1
26930,1
26942,1
26944,1
26949,1
26952,1
26956,1
26973,1
26977,1
26993,1
26997,1
26999,1
27021,1
27023,1
27025,1
27027,1
27032,1
27034,1
27036,1
27045,1
27050,1
27051,1
27055,1
27056,1
27060,1
27061,1
27066,1
27070,1
27073,1
27077,1
27085,1
27086,1
27099,1
27105,1
27109,1
27125,1
27135,1
27139,1
27140,1
27141,1
27142,1
27144,1
27148,1
27154,1
27162,1
27175,1
27176,1
27178,1
27197,1
27204,1
27205,1
27206,1
27207,1
27216,1
27230,1
27234,1
27241,1
27249,1
27251,1
27252,1
27256,1
27257,1
27263,1
27268,1
27269,1
27276,1
27279,1
27288,1
27295,1
27299,1
27302,1
27304,1
27316,1
27318,1
27330,1
27333,1
27335,1
27339,1
27341,1
27342,1
27345,1
27347,1
27354,1
27361,1
27375,1
27387,1
27390,1
27392,1
27399,1
27403,1
27410,1
27423,1
27429,1
27432,1
27436,1
27437,1
27441,1
27444,1
27445,1
27448,1
27454,1
27459,1
27465,1
27478,1
27479,1
27481,1
27483,1
27486,1
27498,1
27505,1
27507,1
27509,1
27514,1
27527,1
27535,1
27544,1
27545,1
27556,1
27563,1
27569,1
27585,1
27589,1
27605,1
27608,1
27609,1
27611,1
27621,1
27626,1
27629,1
27645,1
27651,1
27654,1
27656,1
27663,1
27673,1
27677,1
27678,1
27680,1
27681,1
27684,1
27688,1
27706,1
27709,1
27720,1
27722,1
27733,1
27734,1
27739,1
27746,1
27751,1
27755,1
27777,1
27783,1
27795,1
27805,1
27811,1
27815,1
27823,1
27856,1
27873,1
27883,1
27885,1
27887,1
27899,1
27921,1
27924,1
27927,1
27929,1
27932,1
27943,1
27945,1
27952,1
27957,1
27960,1
27966,1
27968,1
27980,1
27984,1
27994,1
27995,1
28002,1
28004,1
28006,1
28028,1
28042,1
28043,1
28055,1
28061,1
28063,1
28077,1
28090,1
28093,1
28095,1
28096,1
28098,1
28099,1
28111,1
28115,1
28123,1
28125,1
28126,1
28129,1
28131,1
28139,1
28146,1
28153,1
28155,1
28160,1
28166,1
28167,1
28176,1
28185,1
28187,1
28195,1
28203,1
28206,1
28209,1
28210,1
28211,1
28216,1
28234,1
28235,1
28248,1
28255,1
28266,1
28277,1
28286,1
28288,1
28289,1
28290,1
28296,1
28300,1
28306,1
28307,1
28309,1
28327,1
28336,1
28345,1
28355,1
28361,1
28362,1
28374,1
28380,1
28381,1
28393,1
28394,1
28405,1
28413,1
28426,1
28428,1
28429,1
28442,1
28445,1
28457,1
28459,1
28462,1
28478,1
28490,1
28492,1
28499,1
28500,1
28506,1
28509,1
28513,1
28516,1
28519,1
28526,1
28527,1
28528,1
28533,1
28547,1
28551,1
28563,1
28566,1
28568,1
28580,1
28589,1
28590,1
28606,1
28613,1
28615,1
28619,1
28629,1
28633,1
28635,1
28646,1
28648,1
28651,1
28660,1
28681,1
28693,1
28696,1
28703,1
28709,1
28712,1
28718,1
28719,1
28727,1
28730,1
28732,1
28740,1
28747,1
28752,1
28757,1
28764,1
28765,1
28770,1
28772,1
28783,1
28786,1
28796,1
28799,1
28806,1
28807,1
28815,1
28818,1
28823,1
28824,1
28831,1
28834,1
28841,1
28848,1
28882,1
28884,1
28904,1
28907,1
28919,1
28920,1
28928,1
28935,1
28936,1
28945,1
28950,1
28957,1
28963,1
28974,1
28980,1
28988,1
28999,1
29001,1
29004,1
29006,1
29012,1
29018,1
29027,1
29030,1
29032,1
29039,1
29043,1
29056,1
29064,1
29068,1
29069,1
29074,1
29076,1
29085,1
29088,1
29091,1
29092,1
29093,1
29094,1
29108,1
29114,1
29115,1
29118,1
29125,1
29127,1
29150,1
29152,1
29155,1
29165,1
29167,1
29174,1
29180,1
29185,1
29190,1
29192,1
29194,1
29220,1
29231,1
29237,1
29240,1
29247,1
29256,1
29275,1
29278,1
29280,1
29286,1
29288,1
29305,1
29327,1
29329,1
29333,1
29335,1
29342,1
29344,1
29353,1
29358,1
29373,1
29392,1
29393,1
29395,1
29403,1
29405,1
29410,1
29423,1
29427,1
29429,1
29432,1
29440,1
29447,1
29448,1
29452,1
29455,1
29461,1
29466,1
29474,1
29476,1
29486,1
29494,1
29497,1
29505,1
29511,1
29516,1
29522,1
29523,1
29524,1
29529,1
29533,1
29535,1
29548,1
29551,1
29563,1
29574,1
29575,1
29592,1
29599,1
29608,1
29613,1
29620,1
29630,1
29637,1
29638,1
29643,1
29648,1
29657,1
29659,1
29662,1
29665,1
29699,1
29706,1
29715,1
29716,1
29717,1
29721,1
29731,1
29735,1
29739,1
29742,1
29747,1
29749,1
29754,1
29773,1
29777,1
29779,1
29783,1
29786,1
29805,1
29811,1
29812,1
29815,1
29819,1
29833,1
29847,1
29854,1
29856,1
29859,1
29864,1
29865,1
29867,1
29885,1
29894,1
29900,1
29910,1
29928,1
29942,1
29951,1
29953,1
29962,1
29968,1
29974,1
29980,1
29987,1
29993,1
30001,1
30005,1
30015,1
30034,1
30041,1
30044,1
30058,1
30061,1
30064,1
30065,1
30069,1
30074,1
30076,1
30080,1
30086,1
30087,1
30092,1
30093,1
30096,1
30097,1
30098,1
30102,1
30106,1
30110,1
30111,1
30122,1
30128,1
30130,1
30131,1
30132,1
30135,1
30137,1
30157,1
30158,1
30162,1
30170,1
30174,1
30195,1
30196,1
30204,1
30207,1
30209,1
30212,1
30221,1
30225,1
30229,1
30231,1
30233,1
30237,1
30239,1
30242,1
30244,1
30249,1
30262,1
30286,1
30292,1
30303,1
30320,1
30322,1
30355,1
30356,1
30372,1
30375,1
30379,1
30384,1
30386,1
30394,1
30395,1
30396,1
30397,1
30402,1
30413,1
30416,1
30420,1
30422,1
30432,1
30434,1
30438,1
30444,1
30446,1
30455,1
30457,1
30459,1
30463,1
30468,1
30477,1
30478,1
30481,1
30482,1
30487,1
30491,1
30496,1
30501,1
30506,1
30511,1
30513,1
30516,1
30520,1
30531,1
30542,1
30555,1
30557,1
30568,1
30570,1
30584,1
30594,1
30614,1
30617,1
30618,1
30631,1
30632,1
30634,1
30636,1
30637,1
30639,1
30647,1
30649,1
30656,1
30660,1
30665,1
30669,1
30681,1
30683,1
30687,1
30694,1
